number,value,datetime_start,datetime_complete,duration,params_colsample_bytree,params_gamma,params_learning_rate,params_max_bin,params_max_delta_step,params_max_depth,params_min_child_weight,params_n_estimators,params_reg_alpha,params_reg_lambda,params_subsample,state
0,0.3881538581345705,2026-06-14 11:44:44.239297,2026-06-14 11:44:46.727815,0 days 00:00:02.488518,0.7336965109951192,4.487250383183467,0.0017395836700465595,128,8.609276108267105,3,1.7185093220925296,100,0.0021035962597516404,0.6805042577044649,0.8762851099952316,COMPLETE
1,0.40967272289527823,2026-06-14 11:44:46.729073,2026-06-14 11:44:52.778595,0 days 00:00:06.049522,0.8187551880842013,3.1138316159409216,0.0038603296336352454,512,2.2088035965473796,3,2.325672202997012,650,0.5085604340348834,0.0027001171991069303,0.6932218399619614,COMPLETE
2,0.4138830888224141,2026-06-14 11:44:52.779519,2026-06-14 11:44:59.327710,0 days 00:00:06.548191,0.7911614497066362,0.09631723090059607,0.004545609507592599,64,5.395328407457534,3,20.485171398065017,850,0.10930343095154485,0.040004044984128725,0.9377153810324746,COMPLETE
3,0.41949735808545113,2026-06-14 11:44:59.328259,2026-06-14 11:45:24.853049,0 days 00:00:25.524790,0.8627406853234234,3.8413734840921814,0.0017791429036237195,512,5.854602268903334,8,1.5721914806975226,900,1.819975054335089,0.003006325397383438,0.8582837906690373,COMPLETE
4,0.4230621013348174,2026-06-14 11:45:24.853990,2026-06-14 11:45:27.919697,0 days 00:00:03.065707,0.6957700632573646,0.8870939329965494,0.14766360264683295,256,9.021024408840274,5,18.5670188121394,400,4.951995617528496,0.1018793408741699,0.9965810439376565,COMPLETE
5,0.4221313761369495,2026-06-14 11:45:27.920235,2026-06-14 11:45:30.295271,0 days 00:00:02.375036,0.83056884305173,3.65551279134285,0.16147937530951198,256,6.522726201851665,4,2.847738531422427,350,0.3379527175906452,0.0026847090122815546,0.9197145558437303,COMPLETE
6,0.4211411499662163,2026-06-14 11:45:30.295818,2026-06-14 11:45:46.641288,0 days 00:00:16.345470,0.6524552483018328,2.1051654601874055,0.0029194417688181247,512,9.545037244812658,8,4.901502161481214,600,0.1251723420608142,0.0013119863229189392,0.9070306913347042,COMPLETE
7,0.4226443189745142,2026-06-14 11:45:46.642279,2026-06-14 11:45:50.875380,0 days 00:00:04.233101,0.6415272104944959,3.0820106896200965,0.04161338345457836,64,9.608845404044558,7,2.5106804749412,300,0.0145185296124175,4.616683176471007,0.8090075007202243,COMPLETE
8,0.40741074187336207,2026-06-14 11:45:50.876503,2026-06-14 11:45:56.097306,0 days 00:00:05.220803,0.8769612286907068,2.0469205677212154,0.19961314638427144,512,4.9016966606821635,8,3.55791432215308,700,0.11186904991857843,0.2480141749089264,0.8217666342425334,COMPLETE
9,0.4091956511782155,2026-06-14 11:45:56.097832,2026-06-14 11:45:58.237721,0 days 00:00:02.139889,0.9685777991565717,1.7726281110131121,0.0035526006386852912,32,3.1536594062821055,6,4.570760609632941,100,0.19061777367041233,0.06451996944274008,0.613420783369158,COMPLETE
10,0.41637922258169874,2026-06-14 11:45:58.238322,2026-06-14 11:46:09.554732,0 days 00:00:11.316410,0.9995258174926263,0.06724641543929111,0.04795325481213617,256,0.5621145404195227,10,46.176813711485366,450,7.580261333737954,8.009575936969709,0.9912373351576312,COMPLETE
11,0.4229161588608329,2026-06-14 11:46:09.555481,2026-06-14 11:46:14.525903,0 days 00:00:04.970422,0.6169098342329792,1.1522665905368266,0.026670215510198065,64,7.985521296576049,6,11.20999403081359,300,0.006812101053003447,4.430658258697768,0.7596117132498829,COMPLETE
12,0.42262508967541706,2026-06-14 11:46:14.526721,2026-06-14 11:46:18.857864,0 days 00:00:04.331143,0.6115852825175425,1.0647033281450786,0.018059532736510658,256,7.667998853218665,5,11.741581486740577,300,0.0014216474668055353,1.310488075180272,0.7406376161920613,COMPLETE
13,0.3667203817730411,2026-06-14 11:46:18.858588,2026-06-14 11:46:24.138087,0 days 00:00:05.279499,0.7033052867716861,1.0830818905544206,0.4730443363602811,64,7.7107592072578175,5,11.097306360450773,450,0.021354953167235628,0.02575463532197174,0.6051366334097599,COMPLETE
14,0.4199468761827105,2026-06-14 11:46:24.138643,2026-06-14 11:46:27.560027,0 days 00:00:03.421384,0.7075133748964014,0.8629069791319139,0.014958848453300632,32,7.561808224378487,6,23.558740374057187,200,9.686534687973662,0.2511784285036958,0.7376936210484275,COMPLETE
15,0.4232493656330196,2026-06-14 11:46:27.560536,2026-06-14 11:46:31.100427,0 days 00:00:03.539891,0.7492209581102768,1.5272061727502058,0.06571407338698648,128,8.730630141016178,5,8.336975892602823,500,0.009482642407624624,0.011989340945086933,0.9880522669970793,COMPLETE
16,0.42220571121213,2026-06-14 11:46:31.100997,2026-06-14 11:46:34.121275,0 days 00:00:03.020278,0.7533394586406819,1.6826473764644676,0.09979638332286445,128,9.95109433657582,5,6.786980522405354,500,1.1326557936132866,0.010238471382364332,0.9992323568742402,COMPLETE
17,0.4192675815777839,2026-06-14 11:46:34.121781,2026-06-14 11:46:37.813645,0 days 00:00:03.691864,0.6740775859566951,2.7000715040910173,0.3715402783211563,128,8.796551782524746,4,22.765234472307228,800,0.03727803703398269,0.12188652844102156,0.9546100482616349,COMPLETE
18,0.42250573024733545,2026-06-14 11:46:37.814229,2026-06-14 11:46:42.261142,0 days 00:00:04.446913,0.7729839126048197,0.49778414201086174,0.08378561743553677,128,6.517034997452136,4,43.34631949692722,600,0.004978538442507995,0.01108123309480249,0.9687125353453175,COMPLETE
19,0.42078212570759044,2026-06-14 11:46:42.261690,2026-06-14 11:46:46.686958,0 days 00:00:04.425268,0.8999744516085382,2.4550828708354113,0.0797946320497528,256,4.378978458221146,10,7.598741002037346,500,2.604221222365007,0.009023810632696125,0.8966304439787846,COMPLETE
20,0.4183785024438803,2026-06-14 11:46:46.687528,2026-06-14 11:46:51.423769,0 days 00:00:04.736241,0.7050152709139483,1.611422884169649,0.22789272887057743,128,6.669385611689009,7,16.556997485720487,1000,0.05235319432297311,0.020720820270973654,0.9574109435712896,COMPLETE
21,0.4232138275917606,2026-06-14 11:46:51.424338,2026-06-14 11:46:56.474895,0 days 00:00:05.050557,0.6174689802222509,1.265314191686197,0.019579787876683467,64,8.605269366599584,6,10.474520318761957,350,0.006420441015374457,1.8704220683737318,0.8163148793018531,COMPLETE
22,0.42164870685137534,2026-06-14 11:46:56.475424,2026-06-14 11:47:01.151454,0 days 00:00:04.676030,0.6694913929460793,1.424048998614113,0.011806410460829747,64,8.791627879567676,5,8.088899132909,400,0.004329098904418433,1.2140559125141506,0.6578528835190981,COMPLETE
23,0.41978156329379734,2026-06-14 11:47:01.152027,2026-06-14 11:47:05.419542,0 days 00:00:04.267515,0.7395622439689092,0.6046340792251672,0.00801766968814393,256,8.640429429688696,7,15.825158434698677,200,0.011746827344375531,0.12310232621568294,0.834448934181009,COMPLETE
24,0.4193513184338368,2026-06-14 11:47:05.420088,2026-06-14 11:47:12.792582,0 days 00:00:07.372494,0.6849538715691512,0.4827220435528051,0.03994489004625921,32,7.030862377675383,6,30.555046624471306,550,0.002868007687577312,0.6855557541980011,0.7876909800949515,COMPLETE
25,0.42268591514535636,2026-06-14 11:47:12.793172,2026-06-14 11:47:15.086337,0 days 00:00:02.293165,0.602109437967062,1.3607769935755973,0.12617142263242045,64,9.156921110423966,4,14.031301509666298,200,0.04623868902078639,2.5076062727581467,0.8627295430510846,COMPLETE
26,0.4235105014693567,2026-06-14 11:47:15.086875,2026-06-14 11:47:18.232393,0 days 00:00:03.145518,0.6507592991715694,2.215547615558812,0.07107180306083886,256,8.322518246988254,5,1.0825934622495539,400,0.009544979420993844,0.3864033804357807,0.9758158531883407,COMPLETE
27,0.42309916948538484,2026-06-14 11:47:18.233014,2026-06-14 11:47:22.770102,0 days 00:00:04.537088,0.6374330377485952,2.3051187042729366,0.061101581675437756,128,8.206059151337445,6,1.035425746768189,700,0.0010616472062554268,0.3522563416881507,0.9296441990641778,COMPLETE
28,0.4221772956866669,2026-06-14 11:47:22.770608,2026-06-14 11:47:27.478215,0 days 00:00:04.707607,0.6284808590889243,2.7347288946936787,0.0291855783223592,64,7.083395752576666,7,5.706184488654199,400,0.009546820327359188,1.4614093830536041,0.9687049992388872,COMPLETE
29,0.4208353001565122,2026-06-14 11:47:27.478742,2026-06-14 11:47:30.432573,0 days 00:00:02.953831,0.7349717236020668,4.851562278761216,0.023954530605607385,128,8.346362298670114,9,1.4527140335886277,100,0.02245165199842771,0.5267192963566567,0.8842907926846842,COMPLETE
30,0.4152886534391921,2026-06-14 11:47:30.433092,2026-06-14 11:47:33.217736,0 days 00:00:02.784644,0.6579227788357159,2.0472670647314977,0.00967533909762998,256,5.902731270849757,4,1.094522928664522,250,0.0022825129060604966,3.2374884654964733,0.674487981394231,COMPLETE
31,0.42289916506841785,2026-06-14 11:47:33.218247,2026-06-14 11:47:37.873617,0 days 00:00:04.655370,0.6363875337521678,2.2488126704379128,0.06505298786648035,128,8.269184686965747,6,1.017243535605618,750,0.001042167787312231,0.35755737130689225,0.9235158373145758,COMPLETE
32,0.423738271519832,2026-06-14 11:47:37.874131,2026-06-14 11:47:42.445290,0 days 00:00:04.571159,0.6501109385779853,2.6236598110167577,0.04641948928130904,128,7.40391602316718,6,1.94050379911213,650,0.0028220490937945516,0.6689576309160601,0.9322625407979142,COMPLETE
33,0.4142876635268055,2026-06-14 11:47:42.445853,2026-06-14 11:47:46.685932,0 days 00:00:04.240079,0.7927437634691412,3.3021642943726235,0.006962928174874311,128,7.100982966732513,3,1.4801435494516848,550,0.004291882301723126,1.043817763191011,0.9461284647291464,COMPLETE
34,0.4233328148907643,2026-06-14 11:47:46.686490,2026-06-14 11:47:51.441630,0 days 00:00:04.755140,0.7265017680450279,2.64243869532398,0.03215967908741835,128,9.553889005383851,5,1.748813663285236,650,0.007189310923540666,2.5017919307848824,0.9733869633457615,COMPLETE
35,0.4228196166593257,2026-06-14 11:47:51.442191,2026-06-14 11:47:56.034825,0 days 00:00:04.592634,0.7666938106486361,2.7387065487785702,0.03389153226411264,128,9.942652578540367,5,1.6756295404678345,650,0.002465293443179358,8.893268471873812,0.9791351554498514,COMPLETE
36,0.39524960856849845,2026-06-14 11:47:56.035354,2026-06-14 11:48:01.002625,0 days 00:00:04.967271,0.7231474961639708,3.2742575507339753,0.0010195508287062487,128,9.3536754325035,3,2.0766739834883374,650,0.016784388918560912,0.8115538047785407,0.9391412697943515,COMPLETE
37,0.42275662239241607,2026-06-14 11:48:01.003142,2026-06-14 11:48:05.917200,0 days 00:00:04.914058,0.8091430953163281,4.05890739737995,0.051870132045174606,128,7.51702228754178,5,3.288734870961862,900,0.009352661125740314,0.0044599361251934965,0.9076033322113952,COMPLETE
38,0.42228282503854897,2026-06-14 11:48:05.917698,2026-06-14 11:48:09.323932,0 days 00:00:03.406234,0.8303747485745804,2.9311562244246843,0.09865991389431247,512,9.269812041381053,5,2.0306048531158587,550,0.0035362296545766022,0.0013619470613827525,0.9820451151579281,COMPLETE
39,0.42288637836183673,2026-06-14 11:48:09.324483,2026-06-14 11:48:13.288490,0 days 00:00:03.964007,0.7180859295272395,3.6511969460880547,0.13604195666398128,128,5.984648020201903,4,1.342903542775264,800,0.027461621476311454,0.04574537876608344,0.8673917157203844,COMPLETE
40,0.4179232457475413,2026-06-14 11:48:13.289071,2026-06-14 11:48:16.623194,0 days 00:00:03.334123,0.676160634612581,1.8526166027434623,0.3010969895176348,128,0.3417872955797465,7,2.5367734959214414,600,0.07099549845593915,0.18371004437444077,0.9555878800061057,COMPLETE
41,0.42365851187485715,2026-06-14 11:48:16.623783,2026-06-14 11:48:21.825681,0 days 00:00:05.201898,0.6554405517101418,2.4945507377716387,0.019463878545209812,256,8.632496552140115,6,1.2600055543026571,350,0.005648364435562286,2.130324788220156,0.8355327171557922,COMPLETE
42,0.4233358005411675,2026-06-14 11:48:21.826343,2026-06-14 11:48:26.788589,0 days 00:00:04.962246,0.6906648907575027,2.4911560881433266,0.04034384923897753,256,9.1599115524851,6,1.2253936829031977,450,0.009136587272262204,3.8452699154039065,0.8441903712512989,COMPLETE
43,0.42374348409814466,2026-06-14 11:48:26.789102,2026-06-14 11:48:31.529031,0 days 00:00:04.739929,0.6548320559391798,2.6050833917319385,0.034733485974555924,256,9.55416092925564,6,1.2937474231197945,350,0.0016008569255827093,4.536367166708498,0.8436781546474934,COMPLETE
44,0.42355849174528687,2026-06-14 11:48:31.529599,2026-06-14 11:48:38.123085,0 days 00:00:06.593486,0.655385876355382,2.423442964768081,0.02144018740368068,256,8.016533198084701,7,1.2581112971583241,350,0.0016413377815187812,5.4295676010591,0.8405622018639493,COMPLETE
45,0.42323703831860415,2026-06-14 11:48:38.123645,2026-06-14 11:48:46.208363,0 days 00:00:08.084718,0.65396227902385,3.0059983389517018,0.01307330309746812,256,8.22866890633838,8,1.9458492743715259,350,0.0018168354000185902,5.565309990957774,0.7950895461432169,COMPLETE
46,0.42326654652113643,2026-06-14 11:48:46.209039,2026-06-14 11:48:51.480448,0 days 00:00:05.271409,0.6658542720349392,2.301873676959743,0.020543029152466714,256,7.766936316899062,7,1.2613489103247058,250,0.0013717030771735054,6.1687326358986025,0.8419885352472801,COMPLETE
47,0.4213634250819743,2026-06-14 11:48:51.481927,2026-06-14 11:49:00.462202,0 days 00:00:08.980275,0.647240930747908,3.4986489159487055,0.006084114875097167,256,7.250065006831722,8,2.894165866315861,350,0.0017675662173469362,2.2085490443870897,0.8798494204157137,COMPLETE
48,0.42361565758453457,2026-06-14 11:49:00.462818,2026-06-14 11:49:08.598240,0 days 00:00:08.135422,0.6242638535924175,2.019703602300046,0.01611500875634728,256,6.398869755627292,7,1.7085908880686054,400,0.0032234640989654098,0.43796996615340233,0.7902718238239546,COMPLETE
49,0.42286359622740266,2026-06-14 11:49:08.598823,2026-06-14 11:49:14.117641,0 days 00:00:05.518818,0.6257544707602414,1.9207352230758041,0.015540131015748816,256,5.3301197021366296,7,2.359492283667907,250,0.0030416865915918016,3.260909295588618,0.7720511535259997,COMPLETE
50,0.42198302207677446,2026-06-14 11:49:14.118237,2026-06-14 11:49:18.495773,0 days 00:00:04.377536,0.6053091306543702,2.9102519771508972,0.023067687246268093,256,4.4216896713184966,9,4.065547307065315,150,0.0015952696764959529,9.60003028355677,0.7120123053284112,COMPLETE
51,0.4228527895991113,2026-06-14 11:49:18.496371,2026-06-14 11:49:24.741037,0 days 00:00:06.244666,0.6548938663772219,2.157841108700677,0.010412895267357086,256,6.462034821835148,6,1.7002631460170154,400,0.006092030367694588,0.558999265986894,0.8247152211930594,COMPLETE
52,0.423280321613879,2026-06-14 11:49:24.741594,2026-06-14 11:49:29.965212,0 days 00:00:05.223618,0.6871250562335305,2.5112400918923177,0.017791073414979236,256,1.7119947063923746,6,1.1931247218470715,300,0.003605591598555267,0.4002202923847979,0.8030699675793243,COMPLETE
53,0.42196236277862925,2026-06-14 11:49:29.965824,2026-06-14 11:49:35.967701,0 days 00:00:06.001877,0.6407941476904104,1.9546042959344283,0.04865649906896984,256,7.918544727061163,7,1.514661833639038,450,0.0021773403387860715,0.9188765981634675,0.7793170283877201,COMPLETE
54,0.4201039231746921,2026-06-14 11:49:35.968279,2026-06-14 11:49:42.871740,0 days 00:00:06.903461,0.6226139559163879,3.22236189713553,0.005104201849154801,256,6.66217838486362,6,1.8951929952004691,400,0.005231798144540666,0.20857065832841123,0.7600958037162933,COMPLETE
55,0.42254509746753943,2026-06-14 11:49:42.872358,2026-06-14 11:49:49.761895,0 days 00:00:06.889537,0.6682989576538322,2.4775855590626126,0.026211927210687047,256,6.220229799037585,8,1.3017445365943319,350,0.016292804595086367,1.6329186552521022,0.8547760026522561,COMPLETE
56,0.4227447776200445,2026-06-14 11:49:49.764026,2026-06-14 11:49:55.408016,0 days 00:00:05.643990,0.6997845811348449,1.6836229549144015,0.03442237773358342,512,5.351475882541875,7,2.2637008550323845,300,0.002631761164179683,4.713262221000149,0.90230604341196,COMPLETE
57,0.4232290972634029,2026-06-14 11:49:55.408532,2026-06-14 11:50:02.396635,0 days 00:00:06.988103,0.6010730301057912,2.79204571944986,0.014851860056251841,32,7.492598660493151,6,1.1328491011484834,450,0.0012120465156236567,6.562771055406463,0.811013149816671,COMPLETE
58,0.42069464058192646,2026-06-14 11:50:02.397273,2026-06-14 11:50:09.845625,0 days 00:00:07.448352,0.6512759308579041,2.141509116422376,0.07738710701956056,256,8.865763287167557,6,2.7992630173644675,500,0.003619765841027453,0.08902067706778369,0.7349691990884405,COMPLETE
59,0.42312989497946074,2026-06-14 11:50:09.846435,2026-06-14 11:50:29.420209,0 days 00:00:19.573774,0.6811068059054158,2.402539124531086,0.00893505883900791,256,8.432770871052725,8,1.3911715377916183,1000,0.012510988098079616,0.5455372849431405,0.830931255123342,COMPLETE
60,0.423510123159261,2026-06-14 11:50:29.420785,2026-06-14 11:50:33.133783,0 days 00:00:03.712998,0.619777991251151,3.1014569149040923,0.05429981032232021,256,9.76911906863324,7,1.6170430567425862,250,0.00184367958502095,0.29795683685988017,0.8880658424199483,COMPLETE
61,0.42323216556986143,2026-06-14 11:50:33.134326,2026-06-14 11:50:36.685785,0 days 00:00:03.551459,0.6304339207722176,2.5630705751003826,0.055312293318099455,256,9.99572497428404,7,1.6378200066311546,250,0.0018582593839765538,0.17329206370711275,0.8506957035240106,COMPLETE
62,0.42271216670140144,2026-06-14 11:50:36.686305,2026-06-14 11:50:40.703165,0 days 00:00:04.016860,0.6138988146873737,3.0750864686706025,0.042044199989618176,256,9.621433137711405,7,1.7895020845604224,350,0.0014677944726347845,0.2734862262585007,0.8929657457300075,COMPLETE
63,0.42206108398622816,2026-06-14 11:50:40.703827,2026-06-14 11:50:43.265893,0 days 00:00:02.562066,0.6621660295038578,3.417514843005267,0.1044661322057686,256,8.025962741913949,7,1.4963647759808623,300,0.005303889937132858,1.1586701778166792,0.9111350240612082,COMPLETE
64,0.42113965685585375,2026-06-14 11:50:43.266427,2026-06-14 11:50:44.962887,0 days 00:00:01.696460,0.6424494231525382,2.826147398058189,0.195509367310502,256,9.047532347667069,6,1.145150792144943,150,0.0025442145895480353,0.6790181661271456,0.8744121978856958,COMPLETE
65,0.42195039714937455,2026-06-14 11:50:44.963419,2026-06-14 11:50:50.228691,0 days 00:00:05.265272,0.9249054717881188,2.2765123787722663,0.02719280393210876,32,9.656774302570247,7,1.0006284612919307,400,0.007076699264002031,0.4056343982329244,0.8878097793882124,COMPLETE
66,0.42217324898506153,2026-06-14 11:50:50.229232,2026-06-14 11:50:53.489875,0 days 00:00:03.260643,0.6180152887673278,3.1167357933830133,0.07207501989046748,256,8.586627428718405,8,2.1345696132561627,300,0.004002375189866756,1.818423271709403,0.8652493576083052,COMPLETE
67,0.4221354436760375,2026-06-14 11:50:53.490541,2026-06-14 11:50:56.935870,0 days 00:00:03.445329,0.7090015858531238,3.9299339795493182,0.02228492158111577,512,6.97860588275755,6,1.3211621347029248,200,0.5659326146854136,2.9130881343340835,0.9263226414733571,COMPLETE
68,0.4233358840146746,2026-06-14 11:50:56.936405,2026-06-14 11:51:01.779782,0 days 00:00:04.843377,0.634984406808975,1.8308335323617215,0.017768678085967677,256,7.9740227089095805,5,1.5697254985718836,400,0.0010949236200992441,0.2703186324298536,0.8210268972249147,COMPLETE
69,0.4240053378167053,2026-06-14 11:51:01.780331,2026-06-14 11:51:06.208020,0 days 00:00:04.427689,0.6747094489113814,2.0255852110423573,0.039172956641109376,256,7.364278873093017,6,2.547731787653963,350,0.0031292821345112526,0.11200792325673056,0.8014242636892306,COMPLETE
70,0.42324674730888034,2026-06-14 11:51:06.208541,2026-06-14 11:51:11.672301,0 days 00:00:05.463760,0.682992267412886,2.073631377682819,0.03514259981336844,256,7.368362165450074,6,3.565483228573943,500,0.007983710373169,0.07722655859187992,0.7984947210683179,COMPLETE
71,0.422975994465694,2026-06-14 11:51:11.672859,2026-06-14 11:51:15.870767,0 days 00:00:04.197908,0.6659227552480481,2.625939449018233,0.05757496541894363,256,6.7469287389866786,7,2.6453479172907963,350,0.0027839667262987374,0.1399168765488369,0.8381127592645848,COMPLETE
72,0.42284850137940283,2026-06-14 11:51:15.871318,2026-06-14 11:51:21.149792,0 days 00:00:05.278474,0.6476279339087807,1.5467718570547326,0.042399266006941536,256,8.90659691451106,6,3.095295881077366,400,0.00202532238452329,0.04634647791385102,0.7860501484487176,COMPLETE
73,0.4235417523995445,2026-06-14 11:51:21.150311,2026-06-14 11:51:24.760065,0 days 00:00:03.609754,0.6959392162046418,2.3246781894135955,0.0286784795862042,256,8.512981491159804,5,1.8972962679456167,250,0.004888706882124202,0.7362491286600359,0.8132741187606665,COMPLETE
74,0.4241263188121279,2026-06-14 11:51:24.760627,2026-06-14 11:51:29.040401,0 days 00:00:04.279774,0.6743992038071223,2.369148990561728,0.029329881879155344,256,7.75427462045282,5,1.85765746022775,350,0.004600186094859403,0.8454358531499712,0.761831827295388,COMPLETE
75,0.4239997724263169,2026-06-14 11:51:29.040912,2026-06-14 11:51:33.215822,0 days 00:00:04.174910,0.6964360512234713,2.345449580756419,0.030317441027630735,256,7.5672956690244115,5,2.344321578865527,350,0.005359485936388163,1.302926586136658,0.7544837926109167,COMPLETE
76,0.42094699707607186,2026-06-14 11:51:33.216326,2026-06-14 11:51:37.395417,0 days 00:00:04.179091,0.6769375412676029,1.9859931496006473,0.011800448637303524,64,7.707379228728888,5,2.377085206732082,350,0.003433890402656817,2.2721449000954146,0.7505884819949875,COMPLETE
77,0.4219221711222879,2026-06-14 11:51:37.395965,2026-06-14 11:51:41.655151,0 days 00:00:04.259186,0.7121062225382785,1.738265224217809,0.01591076575079193,32,6.930555390028536,4,3.793265381894027,450,0.005910632933924238,1.5407042760349272,0.7253711116974726,COMPLETE
78,0.42327850814619844,2026-06-14 11:51:41.655676,2026-06-14 11:51:45.974546,0 days 00:00:04.318870,0.7460288600455914,2.644203505182955,0.020377121032086144,256,7.290583796684305,5,2.119689881222773,350,0.004216064716621372,4.298394878861676,0.7654440603682638,COMPLETE
79,0.4232313126703911,2026-06-14 11:51:45.975124,2026-06-14 11:51:53.732261,0 days 00:00:07.757137,0.694457124407475,2.8750695889893105,0.032753899332704554,256,8.040816619476388,6,4.797965932480879,950,0.011027669523212097,1.0202737695566566,0.7001373128801773,COMPLETE
80,0.42364385194760823,2026-06-14 11:51:53.732861,2026-06-14 11:51:58.187245,0 days 00:00:04.454384,0.6719623431070006,2.3758648332970287,0.024563864112041516,512,5.625913939812873,5,2.5164127007122956,300,0.0031579470392607864,0.02504337270237431,0.7789246460218805,COMPLETE
81,0.42340854412564444,2026-06-14 11:51:58.187815,2026-06-14 11:52:02.315599,0 days 00:00:04.127784,0.6710039495176667,2.3897109263112997,0.02463172278722391,512,5.667468199909774,5,3.176522713435044,300,0.0023751717044516707,0.01382844632090255,0.7521216086046639,COMPLETE
82,0.42326499898008435,2026-06-14 11:52:02.316157,2026-06-14 11:52:05.604446,0 days 00:00:03.288289,0.6639991106999056,2.159358393395956,0.03776535002046815,512,4.958562402543282,4,2.6119921267517623,300,0.0031590929699942508,3.461097294241651,0.7746362882663272,COMPLETE
83,0.4235337258500816,2026-06-14 11:52:05.604945,2026-06-14 11:52:09.767734,0 days 00:00:04.162789,0.6567367192140284,2.4235255121804813,0.0466221120235197,512,6.2558494601846455,5,2.2668703812770503,400,0.0014188072454914581,0.004675695457769891,0.7806572409604133,COMPLETE
84,0.4217103746751464,2026-06-14 11:52:09.768277,2026-06-14 11:52:14.306544,0 days 00:00:04.538267,0.6796753352792199,2.0542258914088314,0.012979601797059277,512,6.302809711557639,5,1.8476816960595777,350,0.004950553939643706,1.3331206965773514,0.7904750453196142,COMPLETE
85,0.4234790562235545,2026-06-14 11:52:14.307089,2026-06-14 11:52:17.624130,0 days 00:00:03.317041,0.6371758463537467,2.528883911391449,0.0285776521565298,256,5.693685465596708,6,1.3884885559551494,200,0.007705255926537472,0.02852142788666829,0.8070757218724052,COMPLETE
86,0.4215367785466423,2026-06-14 11:52:17.624666,2026-06-14 11:52:20.852018,0 days 00:00:03.227352,0.6890875369633352,1.888612214596174,0.020195898830358244,256,7.675129100165288,4,2.0420432634772308,300,0.002246900577893678,2.0928437476439603,0.74472523986257,COMPLETE
87,0.42293405159868414,2026-06-14 11:52:20.852607,2026-06-14 11:52:28.129776,0 days 00:00:07.277169,0.7184631161902921,2.680367911724936,0.03050910403762276,512,3.817732748956059,6,2.930437724199602,700,0.00420945688462435,0.05912660743400427,0.725282427225383,COMPLETE
88,0.42385374570221224,2026-06-14 11:52:28.131926,2026-06-14 11:52:34.801348,0 days 00:00:06.669422,0.7051941900854595,2.1975883750987477,0.023406045743309564,256,6.846310923139145,6,2.5028606082477944,450,0.003193895992014128,2.7696319074173537,0.7611602151892128,COMPLETE
89,0.4234221348015287,2026-06-14 11:52:34.801959,2026-06-14 11:52:41.898934,0 days 00:00:07.096975,0.701800973343831,1.436828521575909,0.017268672616988313,64,6.076874955676401,6,4.165963832989372,450,0.006166010321813141,2.729351343669681,0.7668775631907605,COMPLETE
90,0.4152485732867257,2026-06-14 11:52:41.899513,2026-06-14 11:52:49.223055,0 days 00:00:07.323542,0.6745446202736427,2.231082629087578,0.002271969989131144,256,6.657771035902019,5,2.4351124047825743,550,0.00336796364855431,0.8985056711055917,0.7542617578721948,COMPLETE
91,0.42359052707296085,2026-06-14 11:52:49.223571,2026-06-14 11:52:54.825682,0 days 00:00:05.602111,0.6583808013763482,2.3675748830602474,0.023113223389307866,256,7.237704434538785,6,2.215158579667291,350,0.002712924617926041,5.074270724313125,0.7994609606271268,COMPLETE
92,0.4240113356018821,2026-06-14 11:52:54.826400,2026-06-14 11:53:00.811376,0 days 00:00:05.984976,0.6282648394726323,2.2933885875156568,0.02539890401183272,256,7.177503939198512,6,2.240444621127383,400,0.002817753210447778,6.744960824371521,0.7951196155438266,COMPLETE
93,0.4231922504800095,2026-06-14 11:53:00.812148,2026-06-14 11:53:05.689966,0 days 00:00:04.877818,0.6328052048357027,2.1881424427294456,0.04678144241780689,256,6.918990372815498,6,3.4436903153817533,400,0.004430613356562692,7.906349204719629,0.7844421788388856,COMPLETE
94,0.4227726076398787,2026-06-14 11:53:05.690612,2026-06-14 11:53:11.684883,0 days 00:00:05.994271,0.6080733149513278,2.577279432392604,0.014157396280862359,256,7.454679168634479,5,2.67055353976923,450,0.003072827578755679,6.927403897245025,0.7324242144495325,COMPLETE
95,0.42362183815168886,2026-06-14 11:53:11.685504,2026-06-14 11:53:17.951584,0 days 00:00:06.266080,0.6441729464554561,1.779759144180591,0.02640305671975401,256,6.523922704444303,6,1.7465487619356292,400,0.013622590416616872,0.6574644425066197,0.7674560798858499,COMPLETE
96,0.42318495772255293,2026-06-14 11:53:17.952128,2026-06-14 11:53:22.764767,0 days 00:00:04.812639,0.727054499242381,1.6284209566368597,0.037448053424605394,128,5.092743982431045,6,1.903074280876494,300,0.024904604398955428,3.8395116824361666,0.7663819545632675,COMPLETE
97,0.4234858064340818,2026-06-14 11:53:22.765430,2026-06-14 11:53:29.727877,0 days 00:00:06.962447,0.6444946202868153,1.7699296975898968,0.025084515383791032,256,6.739917200975023,6,2.562596699847614,450,0.012754241317548048,0.017820415174716615,0.7424286848828405,COMPLETE
98,0.42373828402728925,2026-06-14 11:53:29.728590,2026-06-14 11:53:35.086052,0 days 00:00:05.357462,0.6887490538571529,2.750970825853517,0.03190838395228568,256,9.355377958349969,5,2.989586845372353,500,0.014798341697162636,1.2902530134323715,0.7756917331594549,COMPLETE
99,0.42377761320658924,2026-06-14 11:53:35.086598,2026-06-14 11:53:40.329657,0 days 00:00:05.243059,0.7145056412155174,2.764719704394402,0.03239825841532873,32,9.3199361713167,5,5.401452094849121,500,0.01726152643288383,1.8405832843741798,0.6242706091308619,COMPLETE
100,0.423077630581764,2026-06-14 11:53:40.330224,2026-06-14 11:53:45.020026,0 days 00:00:04.689802,0.6987948845117289,2.743413575991914,0.06427843215035058,32,9.400515290798781,5,8.76044834412629,500,0.019895805431182387,1.8521113537013023,0.6059570463007723,COMPLETE
101,0.42353741286323443,2026-06-14 11:53:45.020612,2026-06-14 11:53:50.390085,0 days 00:00:05.369473,0.7600592545594608,3.00248067306454,0.03156433040211664,32,9.298751346162124,5,5.902779209731103,550,0.03203423926269434,1.2885128349688908,0.6447095441248878,COMPLETE
102,0.4233177573403002,2026-06-14 11:53:50.390665,2026-06-14 11:53:55.867828,0 days 00:00:05.477163,0.7121005258063154,2.831943084765944,0.041183954706673936,32,9.015165553164886,5,2.9181476189526934,600,0.019008774910377245,2.7369599332319634,0.6233321273105814,COMPLETE
103,0.42344597806705686,2026-06-14 11:53:55.868577,2026-06-14 11:54:00.731007,0 days 00:00:04.862430,0.7351512335914127,2.529725511581836,0.031811029695052645,32,8.242000081163708,4,4.312349461058651,500,0.08399521583883113,1.711353854238713,0.6810556880663642,COMPLETE
104,0.4237102212839834,2026-06-14 11:54:00.731575,2026-06-14 11:54:05.525081,0 days 00:00:04.793506,0.6916869562326486,2.9579936818735875,0.04624924343865364,256,8.718181269115265,5,3.8430258433890874,550,0.008695754089789188,1.0688125632267942,0.8201245526362283,COMPLETE
105,0.42367975732846136,2026-06-14 11:54:05.526239,2026-06-14 11:54:10.220798,0 days 00:00:04.694559,0.6921252399614995,2.9789857759669296,0.046960873254082575,256,9.808320648185616,5,3.676785731587058,550,0.010904666000718748,2.2405099118364906,0.8238267604214035,COMPLETE
106,0.42392136197894353,2026-06-14 11:54:10.221357,2026-06-14 11:54:14.867123,0 days 00:00:04.645766,0.6861764822270269,2.944623574315725,0.04912532192167431,256,9.437974043544619,5,3.745773108123763,550,0.010519724207777388,1.20573514214053,0.8308688470710018,COMPLETE
107,0.4236003980629433,2026-06-14 11:54:14.867925,2026-06-14 11:54:19.789553,0 days 00:00:04.921628,0.7279479938779257,3.150043122464215,0.03648194939297684,256,9.427481213772055,4,6.359525371870584,600,0.01549237931187643,1.12189650365269,0.8493239739068733,COMPLETE
108,0.4234123673696392,2026-06-14 11:54:19.790298,2026-06-14 11:54:24.278892,0 days 00:00:04.488594,0.717030752384908,3.3259498453446303,0.04980000112037404,256,9.198003723422504,5,3.3385628990372034,500,0.040804026005260376,0.8629154776250851,0.8148053038346909,COMPLETE
109,0.4232561687953629,2026-06-14 11:54:24.279461,2026-06-14 11:54:28.673127,0 days 00:00:04.393666,0.6856850086371443,2.7409114438376436,0.09397777482667667,128,8.716377259083451,5,5.552773265673799,650,0.007978704818047924,1.4622710757381714,0.8293996638336788,COMPLETE
110,0.4238150015331522,2026-06-14 11:54:28.673864,2026-06-14 11:54:33.038117,0 days 00:00:04.364253,0.7054141768921298,2.628054104091409,0.06066901212796509,256,7.800273508123235,5,4.96737697757674,550,0.028982830385853586,1.0548076432087243,0.8037417521122795,COMPLETE
111,0.4236951116388573,2026-06-14 11:54:33.038630,2026-06-14 11:54:37.087378,0 days 00:00:04.048748,0.705373631085193,2.8868063516434233,0.05750107166788077,256,7.857931459393168,5,4.658990582015378,550,0.05758906081817131,0.5086159780907832,0.8080000217602319,COMPLETE
112,0.4236988707901247,2026-06-14 11:54:37.087945,2026-06-14 11:54:42.196861,0 days 00:00:05.108916,0.6840881015400905,2.6368866400825577,0.04233289759073631,256,8.930134116013074,5,3.827730089850541,600,0.009552557253031217,0.7852570059786429,0.8015930539450346,COMPLETE
113,0.4234021365790383,2026-06-14 11:54:42.197487,2026-06-14 11:54:46.558369,0 days 00:00:04.360882,0.7429134771921708,2.7871739954495895,0.0842961717715265,256,7.621668277632709,5,5.438178108065293,600,0.029633157690101202,1.0100465475748925,0.8181747862847488,COMPLETE
114,0.42294742307874966,2026-06-14 11:54:46.558999,2026-06-14 11:54:51.564169,0 days 00:00:05.005170,0.7058871668356597,2.257363547459858,0.0711785987950299,256,9.519719410561096,6,7.247654149983814,550,0.017294635854393208,1.2232624980839804,0.7952587100230655,COMPLETE
115,0.4238903705934532,2026-06-14 11:54:51.564750,2026-06-14 11:54:56.527953,0 days 00:00:04.963203,0.6919614181999387,2.961042910725054,0.036629384440142757,256,7.299391758453501,5,5.139281998507935,500,0.023721712616437768,0.6377309343676695,0.7907898381367785,COMPLETE
116,0.4237991830039142,2026-06-14 11:54:56.528485,2026-06-14 11:55:01.289200,0 days 00:00:04.760715,0.7229207739015208,2.593796610667697,0.03571395289532416,256,7.380922949109243,4,5.169683501844169,500,0.022272988891278524,0.5811439841742692,0.7917916480328779,COMPLETE
117,0.4226928725135971,2026-06-14 11:55:01.289989,2026-06-14 11:55:05.715610,0 days 00:00:04.425621,0.7531336830336096,2.694853913357579,0.029180071304007217,256,7.16886479954094,3,5.076294328229879,500,0.03536507452460437,0.5350770507362146,0.7592912526006795,COMPLETE
118,0.4236507892478222,2026-06-14 11:55:05.716139,2026-06-14 11:55:10.239773,0 days 00:00:04.523634,0.7211902886801443,2.475435289682398,0.03591545571772985,256,6.924146935586484,4,6.753834680681625,450,0.023810513834596182,3.107063500247821,0.7778704603913607,COMPLETE
119,0.4236187708632517,2026-06-14 11:55:10.241846,2026-06-14 11:55:14.363686,0 days 00:00:04.121840,0.7328486373735001,3.206007072259136,0.053208512659841216,256,8.128111857899093,4,5.070775248113513,500,0.1632445527536669,0.6514604022331302,0.7907891885098696,COMPLETE
120,0.4230932952127505,2026-06-14 11:55:14.364272,2026-06-14 11:55:18.392505,0 days 00:00:04.028233,0.7095450569135536,2.0837828022826863,0.03960028591611805,256,7.457444662264227,3,4.323697735252425,450,0.04422864537199758,3.8892235699643325,0.8064264160938399,COMPLETE
121,0.42338279004313817,2026-06-14 11:55:18.393062,2026-06-14 11:55:24.735683,0 days 00:00:06.342621,0.6990024411343685,2.3089761196481184,0.03201329388284251,256,7.791620027668217,6,5.2557710680726215,500,0.02212858146442613,0.3261364548427936,0.7716579616579426,COMPLETE
122,0.4233871155675521,2026-06-14 11:55:24.736230,2026-06-14 11:55:29.727879,0 days 00:00:04.991649,0.6779537869557356,2.583097379988425,0.02804233955106011,32,7.090289693226965,5,5.944961587346751,450,0.054740396477585974,0.45415187407279123,0.787336873766605,COMPLETE
123,0.42402861549103543,2026-06-14 11:55:29.728618,2026-06-14 11:55:34.529354,0 days 00:00:04.800736,0.6658515855232436,2.901580269751207,0.061210491391590224,256,7.456147285091535,4,4.4276406994296105,650,0.027139403116906772,1.6019811076882648,0.7578069514378077,COMPLETE
124,0.4244966075336415,2026-06-14 11:55:34.529959,2026-06-14 11:55:38.604944,0 days 00:00:04.074985,0.664666844637559,2.8366117909076047,0.062146802788793726,256,8.442351850002819,4,4.664528765599512,500,0.028782418402341137,1.4941527517134665,0.7548969268082668,COMPLETE
125,0.4239901380587332,2026-06-14 11:55:38.605629,2026-06-14 11:55:43.902825,0 days 00:00:05.297196,0.6669431061924115,3.0275299155918667,0.06342859700917611,256,7.672412950022007,4,4.567224392565263,750,0.029276257050398925,1.532145735876842,0.7123929699059659,COMPLETE
126,0.4241403109470009,2026-06-14 11:55:43.904188,2026-06-14 11:55:49.170853,0 days 00:00:05.266665,0.6675173786613183,3.075681228128771,0.06594176390486173,256,8.34682300294812,4,4.52420898767495,750,0.03241750631522639,1.5197591698159532,0.7115121965247407,COMPLETE
127,0.4234050354043255,2026-06-14 11:55:49.171486,2026-06-14 11:55:53.806592,0 days 00:00:04.635106,0.6714726667272567,3.404123991981454,0.11476741651547011,256,8.434929776693487,4,4.071670093094117,750,0.027919758042331294,1.5531384434155249,0.7216092653960274,COMPLETE
128,0.4237375518662283,2026-06-14 11:55:53.807336,2026-06-14 11:55:58.657071,0 days 00:00:04.849735,0.6634738030707039,3.6645444108100325,0.08615413133214524,256,7.585456858082186,4,4.870955393519437,750,0.06539399040429811,0.8308249423054929,0.7078657660840022,COMPLETE
129,0.4239043375075687,2026-06-14 11:55:58.657610,2026-06-14 11:56:04.503110,0 days 00:00:05.845500,0.6794065661271601,3.041817278367954,0.06555751945718528,256,7.814081685839558,4,4.522368199207501,850,0.03348288535940836,1.5867606524748787,0.689089837002467,COMPLETE
130,0.4236109942613675,2026-06-14 11:56:04.503713,2026-06-14 11:56:10.477878,0 days 00:00:05.974165,0.6811148094507301,3.0437939725188183,0.06520765609936668,256,7.873429817642704,4,4.6993294006390185,850,0.03466075676891141,2.3588495947942465,0.6890972156265787,COMPLETE
131,0.4240591653008431,2026-06-14 11:56:10.478649,2026-06-14 11:56:15.789913,0 days 00:00:05.311264,0.6703440459667495,3.199116365027533,0.07026997651088783,256,7.246334182110068,4,4.263503315392982,800,0.042937464786308575,1.3902467918773629,0.7196446133241666,COMPLETE
132,0.42347983098329084,2026-06-14 11:56:15.790462,2026-06-14 11:56:20.878521,0 days 00:00:05.088059,0.6628939007342818,3.1387785495133405,0.07119416325611633,256,7.164052652757297,3,4.5145434574129215,800,0.0899079027064562,1.9805604775825851,0.7126941720833975,COMPLETE
133,0.42403777760379635,2026-06-14 11:56:20.879167,2026-06-14 11:56:26.466390,0 days 00:00:05.587223,0.6710124510892167,3.2566669347738095,0.06104903369552737,256,7.724094784876025,4,3.973480896076594,800,0.04605443832937437,1.489041673637164,0.7013458338070951,COMPLETE
134,0.4235871381682146,2026-06-14 11:56:26.467097,2026-06-14 11:56:32.009145,0 days 00:00:05.542048,0.670659063089197,3.499128557462977,0.08032936019577258,256,8.108373587041646,4,4.363440585198317,850,0.04424146483748683,1.5722475372148805,0.6716529535218536,COMPLETE
135,0.42347203473633127,2026-06-14 11:56:32.009710,2026-06-14 11:56:37.073177,0 days 00:00:05.063467,0.6769088162208197,3.241986797727319,0.10929020774578432,256,7.59250710672815,4,4.043427715661415,800,0.05259637288745517,1.4941237937567482,0.6967470518875408,COMPLETE
136,0.4231142913108578,2026-06-14 11:56:37.073726,2026-06-14 11:56:42.352119,0 days 00:00:05.278393,0.6501282435909032,3.3636853353233445,0.09167962362274389,64,7.337014348513518,4,3.534638065871512,900,0.03844075365643894,2.61919034609538,0.7076039170110768,COMPLETE
137,0.4221137610865414,2026-06-14 11:56:42.353536,2026-06-14 11:56:46.659142,0 days 00:00:04.305606,0.6672682647697316,3.200744814636752,0.15153599724794933,256,8.36401427942539,3,6.180559417711402,700,0.07263727124666135,1.31305881163402,0.6891668073677939,COMPLETE
138,0.4235133569449343,2026-06-14 11:56:46.659659,2026-06-14 11:56:51.729919,0 days 00:00:05.070260,0.6943839675043276,3.4513473428932535,0.0638315448420597,256,7.03437611240261,4,3.410011510641232,750,0.04761139641908701,1.8992946626031701,0.7324884435337795,COMPLETE
139,0.4237991509806057,2026-06-14 11:56:51.730614,2026-06-14 11:56:56.750355,0 days 00:00:05.019741,0.6615995185420557,3.623361918550861,0.07814078702970186,256,6.849923011392856,4,3.876951013407619,800,0.12372746622438406,0.956461035638744,0.7213526317910826,COMPLETE
140,0.4241989470563555,2026-06-14 11:56:56.750909,2026-06-14 11:57:02.065336,0 days 00:00:05.314427,0.6788754618065902,3.0402060674860167,0.055431992789747656,256,8.008928220071505,4,4.4878181727074855,750,0.03723501896164277,1.3203335135829009,0.7476704155481307,COMPLETE
141,0.42379036790950053,2026-06-14 11:57:02.065936,2026-06-14 11:57:07.865384,0 days 00:00:05.799448,0.6827812702016967,3.072677873381316,0.05531481159088437,256,7.961996274495758,4,4.613187378380219,850,0.033237287685710375,1.2156499739542255,0.7573632346190908,COMPLETE
142,0.42392388917780377,2026-06-14 11:57:07.867524,2026-06-14 11:57:12.966877,0 days 00:00:05.099353,0.6710652175309743,3.0000385567348333,0.06941809908300184,256,7.638395567367826,4,4.201485239031596,750,0.03987846563697061,1.6769194512306682,0.7470534507362799,COMPLETE
143,0.42374483385555184,2026-06-14 11:57:12.967417,2026-06-14 11:57:18.342046,0 days 00:00:05.374629,0.9962917602935291,2.9580785680162225,0.07103882444188693,256,7.713636936009249,4,4.399469203760643,750,0.02515218864943893,1.6613509104620487,0.7427269134516611,COMPLETE
144,0.42369435101538927,2026-06-14 11:57:18.342635,2026-06-14 11:57:23.874735,0 days 00:00:05.532100,0.673318653678024,3.292866562860841,0.06000484646144234,256,8.270504955908908,4,3.6746605429206465,800,0.03893710541438373,0.8085322700361192,0.7144928235285307,COMPLETE
145,0.4239930663213638,2026-06-14 11:57:23.875337,2026-06-14 11:57:29.232496,0 days 00:00:05.357159,0.8597557665258619,3.0234409240558326,0.0514426794303775,256,7.486082134418286,4,4.1054018257466955,700,0.06285459072286949,1.3543230191461295,0.7363121549875778,COMPLETE
146,0.42394642266258725,2026-06-14 11:57:29.233172,2026-06-14 11:57:34.465097,0 days 00:00:05.231925,0.6551102444778486,2.8629826206723656,0.05360604942905609,256,7.589618033501402,4,4.06048356184451,700,0.06688850148626048,2.0907837116493844,0.7490047523818381,COMPLETE
147,0.42397422543800556,2026-06-14 11:57:34.465819,2026-06-14 11:57:39.928449,0 days 00:00:05.462630,0.8646976239721963,2.87364644764296,0.050487250724250705,256,7.503959130906306,4,3.1595667559037257,700,0.10265164479580621,2.180886337353136,0.7472775324888697,COMPLETE
148,0.42350437231358906,2026-06-14 11:57:39.929041,2026-06-14 11:57:44.875231,0 days 00:00:04.946190,0.8648484789831764,2.878315412078777,0.050983085193369776,256,7.559332533757389,3,3.143533599459604,700,0.09578649917328182,2.1283145629747673,0.7508827661960251,COMPLETE
149,0.4236897502480505,2026-06-14 11:57:44.875787,2026-06-14 11:57:50.285415,0 days 00:00:05.409628,0.8934567571900909,3.1235184563287244,0.04422402251996318,256,8.124043142637456,4,3.3361870253957777,700,0.16032328495495,3.2295482673906557,0.7367607789638142,COMPLETE
150,0.4236817965063059,2026-06-14 11:57:50.286391,2026-06-14 11:57:55.255473,0 days 00:00:04.969082,0.8444683500692259,3.590771317689291,0.07469398581200351,256,7.210206202349562,4,2.7454018818445274,750,0.06384167603301787,1.8952731045231257,0.728401801574659,COMPLETE
151,0.4237656283228818,2026-06-14 11:57:55.256067,2026-06-14 11:58:00.652668,0 days 00:00:05.396601,0.8783175004883471,2.8635011348650794,0.05381758679855114,256,7.556882656525397,4,4.0655205802469965,700,0.08154896745831598,1.4204847692590612,0.7453253989195111,COMPLETE
152,0.42197670206316973,2026-06-14 11:58:00.653266,2026-06-14 11:58:07.497166,0 days 00:00:06.843900,0.7867183574696383,0.20220334993574252,0.058709292659844314,256,7.957041889967604,4,3.636819644677456,650,0.05028086955955782,2.386687804133695,0.7487898109161824,COMPLETE
153,0.42395583779475626,2026-06-14 11:58:07.497720,2026-06-14 11:58:12.975775,0 days 00:00:05.478055,0.65490439513268,3.286450701185012,0.0513853303680605,256,7.424849621443216,4,4.095196480999727,750,0.11565633527228172,1.1556122238893851,0.7179084226340156,COMPLETE
154,0.423662725048744,2026-06-14 11:58:12.976549,2026-06-14 11:58:18.064843,0 days 00:00:05.088294,0.8437622198508632,3.219073150821267,0.08832570390315397,256,7.508171306606439,4,4.1906891591404545,750,0.1450433405500313,1.090471160651183,0.7181796081322562,COMPLETE
155,0.4235659466877915,2026-06-14 11:58:18.065378,2026-06-14 11:58:23.180240,0 days 00:00:05.114862,0.9250902793271406,3.296569846914886,0.0700788160185802,256,7.437280900642248,4,3.154861536536055,750,0.25727857152658395,0.928508209257092,0.738403596147322,COMPLETE
156,0.4239108324220565,2026-06-14 11:58:23.181021,2026-06-14 11:58:28.904128,0 days 00:00:05.723107,0.6576112823341829,3.0579349122778945,0.05225978813446806,256,7.786821567785328,4,4.03713662735739,800,0.1074808997922724,1.323168763174479,0.704205830911679,COMPLETE
157,0.423620649227323,2026-06-14 11:58:28.904693,2026-06-14 11:58:33.694771,0 days 00:00:04.790078,0.6394677860616622,3.1557076448319057,0.04198398014901271,256,7.120360082572432,3,4.695147297792821,650,0.20909710895866598,1.7771461301723346,0.7296344738071328,COMPLETE
158,0.42316143078047397,2026-06-14 11:58:33.695376,2026-06-14 11:58:38.082949,0 days 00:00:04.387573,0.6500133250022562,4.885025493825971,0.05920970453504669,64,1.6972141343307716,4,5.720336851338481,700,0.07382155961073747,2.173601252119492,0.738181311023989,COMPLETE
159,0.42381737579145823,2026-06-14 11:58:38.083518,2026-06-14 11:58:42.587231,0 days 00:00:04.503713,0.6290378737976954,4.234547299572499,0.09716081500491376,256,8.476640682396015,4,3.443813139810529,750,0.10997363174129636,0.007286723925689484,0.7521659943232337,COMPLETE
160,0.4234832630770806,2026-06-14 11:58:42.587861,2026-06-14 11:58:47.886487,0 days 00:00:05.298626,0.8560171436483678,3.348792105979266,0.0807869264817357,256,8.02765843625381,4,2.3139655540098327,800,0.06874792037949533,1.4301083273428614,0.7208157982759829,COMPLETE
161,0.42388339787825285,2026-06-14 11:58:47.887806,2026-06-14 11:58:53.215416,0 days 00:00:05.327610,0.8069387739189473,2.9179185989001546,0.049963067669933484,256,7.725106884730409,4,3.815760802326469,700,0.055921238231912015,1.147360798576053,0.7596914821381116,COMPLETE
162,0.42410623915375467,2026-06-14 11:58:53.216018,2026-06-14 11:58:58.512976,0 days 00:00:05.296958,0.666815970784042,2.9792774134713365,0.04780100529428847,256,8.198663867607427,4,4.258513038396989,700,0.04808137314314035,0.974698733011665,0.7443695075343674,COMPLETE
163,0.4241585678101251,2026-06-14 11:58:58.513512,2026-06-14 11:59:03.592810,0 days 00:00:05.079298,0.6614991985392222,2.852001398832383,0.06564278449860422,256,7.319061887828077,4,4.312985547155058,700,0.0397381135478889,0.9809920194192676,0.742261617426238,COMPLETE
164,0.42439246023587385,2026-06-14 11:59:03.593388,2026-06-14 11:59:08.911889,0 days 00:00:05.318501,0.6456804141038779,2.8092858995456336,0.04323058329985311,256,7.236755418986492,4,4.79488287200297,650,2.7402771076545083,0.7215675764896694,0.730564452007302,COMPLETE
165,0.42417792122147785,2026-06-14 11:59:08.912622,2026-06-14 11:59:14.237478,0 days 00:00:05.324856,0.6447480978580016,2.8179824701826828,0.044536372012515174,256,7.288446012118253,4,4.814017559835706,650,0.6570084468283419,0.9055440395528855,0.7279291465911873,COMPLETE
166,0.4241546080466934,2026-06-14 11:59:14.238192,2026-06-14 11:59:19.594115,0 days 00:00:05.355923,0.6455008123050794,2.7852534425660336,0.0434910721983682,256,6.6023911398438075,4,4.923073351705381,650,3.0621137163211043,0.8137934606834663,0.7306319233417278,COMPLETE
167,0.42404896260244407,2026-06-14 11:59:19.594733,2026-06-14 11:59:25.051071,0 days 00:00:05.456338,0.64389094901961,2.773745173830323,0.041925612630296726,256,6.583172902979659,4,5.589039450524412,650,1.6401385747479744,0.7759347175869425,0.729160571409027,COMPLETE
168,0.4234720030104396,2026-06-14 11:59:25.051799,2026-06-14 11:59:30.007072,0 days 00:00:04.955273,0.6396040101088007,2.801473160470573,0.04053233903199411,256,6.5463794256501044,3,5.450681995760773,650,2.8751064284497354,0.8417753021569595,0.7318348423408358,COMPLETE
169,0.4237763872500836,2026-06-14 11:59:30.007662,2026-06-14 11:59:35.344993,0 days 00:00:05.337331,0.6239533098547311,2.6908551058795807,0.04551198385117145,256,6.705551016840104,4,6.4441679637546505,650,3.5787007449162087,0.6989994119674794,0.7278519590859471,COMPLETE
170,0.423839594938058,2026-06-14 11:59:35.346711,2026-06-14 11:59:40.611898,0 days 00:00:05.265187,0.6337681040040389,2.7480914425759555,0.045405188995712296,256,6.94108384038423,4,4.8135255391762115,650,1.0698255671876675,0.740556609034812,0.7387601083337867,COMPLETE
171,0.4236151889414109,2026-06-14 11:59:40.612567,2026-06-14 11:59:45.478407,0 days 00:00:04.865840,0.6455484749900949,2.994041700619072,0.06188203023213461,256,7.247373322131468,4,33.33806073134243,650,1.960014470282025,0.943881261488228,0.7004182563168085,COMPLETE
172,0.4235935855834386,2026-06-14 11:59:45.478927,2026-06-14 11:59:50.843293,0 days 00:00:05.364366,0.6653436541253682,3.0943748278102374,0.04034061837889389,256,6.420454723041448,4,4.933914827949655,650,5.3636973079075565,0.49295896911948967,0.7119879310781206,COMPLETE
173,0.42370632956881005,2026-06-14 11:59:50.843974,2026-06-14 11:59:56.077343,0 days 00:00:05.233369,0.6470043904786721,2.825704281913682,0.06020343994266852,256,7.077349422692353,4,5.673370642629006,700,1.4355475741996806,0.9015481312329913,0.7272027933812694,COMPLETE
174,0.4236664427420722,2026-06-14 11:59:56.078016,2026-06-14 12:00:01.467964,0 days 00:00:05.389948,0.6588935516005539,3.1510029447807377,0.037758135726526455,256,8.331569257201235,4,4.542699662031078,650,4.410684257248182,0.7438254551404356,0.7360806508728501,COMPLETE
